accX,accY,accZ,gyroX,gyroY,gyroZ
0.17,0.02,1.89,0.42,-23.37,33.42
0.12,-0.00,1.81,7.10,-19.89,-2.03
0.02,0.03,1.74,22.12,-16.94,1.00
-0.01,0.14,1.55,39.05,-3.01,5.72
0.09,0.05,1.39,42.53,-5.31,6.16
0.19,-0.02,1.33,-6.52,-44.16,23.74
0.25,0.16,1.25,-19.22,-46.27,9.16
0.11,0.12,1.22,-30.36,-43.38,5.00
0.25,-0.01,1.31,-37.07,-70.37,-1.55
0.23,0.04,1.32,-49.16,-76.80,-8.38
0.18,-0.07,1.30,-69.63,-73.29,-13.63
0.13,-0.02,1.42,-35.25,-41.57,-15.79
0.09,0.19,1.66,6.97,-36.16,-15.28
-0.01,0.34,1.58,-3.81,-42.27,1.82
0.01,0.24,1.59,-23.41,-60.00,27.07
0.02,0.13,1.68,-31.43,-61.49,49.41
0.23,-0.24,1.84,-22.98,-108.29,32.46
0.31,-0.30,1.89,-1.69,-107.65,19.63
0.26,-0.08,1.91,31.20,-61.84,26.41
0.08,0.09,1.67,40.62,-33.16,40.39
0.06,0.07,1.78,24.55,-13.24,60.10
0.00,0.07,1.96,8.70,5.92,70.47
0.05,0.02,2.00,12.99,-5.74,72.83
0.05,-0.08,2.00,60.94,-5.48,73.53
0.23,-0.01,1.97,57.27,2.44,81.39
0.24,0.02,1.87,77.04,34.44,74.75
0.18,0.07,1.79,88.50,74.56,66.60
0.06,0.32,1.76,68.61,101.16,62.56
-0.03,0.23,1.84,8.11,81.14,75.95
0.04,0.18,1.64,16.92,76.37,88.01
0.07,0.29,1.37,-5.10,87.59,92.32
0.01,0.21,1.44,-31.87,107.15,86.74
-0.02,0.37,1.35,-25.05,97.47,90.48
0.03,0.43,1.18,-58.94,39.13,95.50
0.23,0.11,1.35,-80.23,-2.92,79.91
0.48,-0.08,1.27,-18.62,-25.99,44.33
0.49,0.22,1.00,45.41,20.96,24.44
0.58,0.23,1.51,21.45,17.32,41.34
0.74,0.03,1.74,41.42,-25.99,43.24
0.89,-0.04,1.66,79.32,-65.16,27.96
0.94,-0.02,1.31,90.87,-85.43,3.94
0.96,0.22,1.26,60.10,-42.32,1.36
0.95,0.10,1.97,43.06,-15.35,21.45
1.13,-0.05,2.00,67.28,-20.77,32.03
1.24,-0.18,2.00,59.30,-51.45,10.65
1.24,-0.18,1.87,3.04,-79.35,-27.79
1.07,-0.07,1.91,-37.89,-68.57,-49.42
0.91,-0.11,2.00,-29.79,-41.57,-52.96
0.84,-0.09,1.95,-17.64,-24.20,-53.81
0.73,-0.15,1.92,-22.83,-28.80,-69.50
0.48,-0.08,1.62,-29.22,-26.39,-82.92
0.28,-0.13,1.67,-46.03,-9.57,-81.43
0.10,-0.01,1.69,-24.97,-11.75,-72.72
0.01,0.01,1.46,6.81,-33.14,-53.83
-0.16,-0.11,0.88,40.12,-28.89,-48.77
-0.34,-0.01,0.65,18.59,8.91,-25.78
-0.40,-0.13,1.03,-12.60,14.39,9.31
-0.39,-0.21,1.01,-3.88,-12.83,16.75
-0.33,-0.09,0.80,-9.29,-16.04,7.43
-0.51,0.22,0.71,-1.61,28.05,-7.19
-0.67,0.60,1.13,-33.13,27.71,34.68
-0.35,0.51,1.42,-94.20,-14.27,100.19
-0.01,0.08,1.97,-82.81,-0.72,122.60
0.10,-0.31,2.00,3.62,59.23,134.05
0.42,-0.38,2.00,21.84,65.15,166.08
0.88,-0.65,2.00,-31.26,-10.09,165.65
1.01,-0.38,2.00,-1.52,-45.97,110.22
0.97,-0.02,1.97,40.08,-16.13,85.25
0.82,0.13,1.61,49.05,60.41,77.77
0.73,0.16,1.53,63.60,104.52,70.44
0.75,0.31,1.42,71.62,84.88,57.52
0.76,0.23,1.23,52.25,35.94,52.19
0.69,0.26,0.89,55.12,4.89,35.66
0.66,0.33,0.74,35.27,-10.12,27.49
0.81,0.31,0.89,7.55,-46.04,15.95
0.99,0.13,0.79,8.69,-55.90,-26.18
0.87,0.23,0.76,19.17,-26.44,-85.71
0.56,0.36,1.48,-15.05,-13.04,-108.32
0.65,0.38,1.99,-17.04,-20.00,-81.54
0.99,-0.03,2.00,-21.55,-3.04,-77.95
0.91,-0.73,2.00,-51.24,4.81,-100.45
0.76,-0.67,2.00,-20.74,1.65,-137.73
0.51,-0.11,2.00,32.19,-29.46,-152.52
0.39,0.07,1.66,1.85,-34.83,-128.67
0.43,0.05,1.53,-20.31,-23.86,-100.52
0.42,-0.07,1.40,-22.58,-7.73,-86.32
0.21,-0.23,1.47,-6.07,10.26,-81.55
-0.01,-0.18,1.46,18.52,-3.85,-69.31
-0.25,-0.19,1.38,35.07,-34.59,-42.64
-0.31,-0.42,0.97,43.04,-57.14,-21.98
-0.39,-0.32,0.75,66.68,-29.56,-32.28
-0.57,0.05,0.95,39.80,-33.82,-15.72
-0.41,0.49,1.07,50.62,-47.93,12.31
-0.63,0.51,1.07,52.56,-19.31,56.91
-0.03,0.07,1.70,-3.11,-34.77,120.90
0.22,-0.27,2.00,-55.77,-34.65,141.70
0.67,-0.86,2.00,-28.56,0.76,145.25
0.81,-0.98,2.00,46.96,49.26,82.95
0.38,0.23,2.00,84.40,78.48,27.16
0.42,0.02,2.00,4.82,9.97,59.39
0.38,0.06,1.59,28.09,19.36,54.03
0.41,0.44,1.48,15.43,37.26,59.83
0.56,0.43,1.32,7.67,26.70,80.02
0.71,0.29,1.21,24.11,16.37,83.71
0.80,0.21,1.04,48.13,-8.00,68.19
0.86,0.18,0.73,65.09,-32.31,38.22
0.85,0.21,0.54,54.00,-38.50,-1.56
0.67,0.44,0.73,53.05,-50.51,-35.80
0.54,0.47,0.98,55.07,-80.11,-36.48
0.82,0.66,0.66,62.42,-68.95,-52.02
0.68,-0.18,1.80,8.08,43.81,-62.16
0.60,0.09,2.00,35.42,73.62,-79.40
0.32,-0.22,2.00,11.94,-10.49,-43.53
0.55,-0.66,2.00,23.93,-69.93,-41.73
0.53,-0.49,1.97,23.43,-68.14,-83.31
0.33,0.03,1.41,13.87,-43.86,-119.09
0.02,0.42,1.14,-5.98,-7.60,-111.15
-0.05,0.46,1.31,-31.83,27.79,-58.77
0.02,0.14,1.53,-24.44,42.13,-16.37
0.06,-0.22,1.58,-11.57,34.16,-6.04
-0.06,-0.25,1.47,21.21,30.93,-16.56
-0.35,-0.03,1.27,36.76,22.52,-4.65
-0.55,-0.06,1.19,45.31,5.81,37.03
-0.49,-0.25,0.99,60.12,-11.41,63.98
-0.33,-0.09,0.87,61.61,-7.30,59.50
-0.65,0.57,0.66,49.06,5.30,55.37
-0.87,0.53,1.36,-63.76,-8.07,159.79
-0.27,-0.02,1.57,-62.68,-29.24,236.63
0.03,-0.73,1.86,-64.34,13.14,249.90
0.41,-0.77,2.00,-67.61,34.06,219.93
0.55,-0.40,2.00,-13.78,18.90,178.67
0.50,-0.17,2.00,-8.95,33.46,155.13
0.33,-0.09,2.00,-35.73,66.60,145.03
0.23,0.19,2.00,-18.26,56.69,149.49
0.15,0.28,2.00,32.65,9.64,172.33
0.18,0.01,1.98,26.96,-22.20,199.01
0.28,-0.18,1.45,37.77,-19.00,195.78
0.30,-0.11,1.18,54.12,16.94,178.87
0.31,-0.07,1.07,68.58,41.28,166.75
0.36,-0.04,0.96,74.97,32.42,156.28
0.48,-0.08,0.70,74.34,5.84,143.23
0.57,-0.16,0.40,92.35,11.56,107.67
0.60,0.07,0.60,81.21,18.08,79.74
0.83,0.37,0.66,54.89,-14.53,56.22
0.85,0.66,0.67,25.22,2.17,28.04
0.58,0.47,1.57,-19.31,48.95,42.62
0.51,0.15,2.00,-18.42,75.91,60.69
0.50,-0.55,2.00,-36.84,-4.87,57.11
0.70,-0.82,2.00,-33.42,-72.72,-10.60
0.29,-0.27,2.00,0.01,-57.77,-86.28
-0.29,0.33,1.81,-8.31,8.42,-93.94
-0.56,0.49,1.90,-33.71,42.95,-44.95
-0.49,0.24,2.00,-22.82,26.83,11.37
-0.33,-0.08,1.66,-2.86,-9.25,39.72
-0.24,-0.38,1.26,15.35,-26.23,32.78
-0.37,-0.12,0.94,48.41,-6.84,17.16
-0.63,0.25,0.89,76.37,23.75,47.12
-0.75,0.27,1.07,97.47,39.53,123.36
-0.57,-0.36,1.37,88.10,21.07,195.33
-0.36,-0.96,1.42,108.09,-8.28,195.56
-0.10,-0.47,1.15,136.72,-18.67,150.99
-0.54,0.41,1.15,102.14,-11.01,161.23
-0.43,0.05,1.83,-12.17,-25.92,249.99
0.26,-0.91,2.00,-1.06,-18.10,249.99
0.69,-1.20,2.00,5.44,-42.05,249.99
0.71,-0.75,2.00,-4.10,-61.65,196.57
0.45,-0.34,2.00,34.32,-18.46,155.33
0.16,0.03,2.00,49.82,33.26,141.24
-0.07,0.30,2.00,48.33,40.66,158.27
0.02,0.29,2.00,45.31,5.33,197.52
0.31,0.08,1.56,45.39,-33.12,226.33
0.55,-0.25,1.29,73.37,-28.62,212.94
0.56,-0.15,1.04,126.72,-2.39,185.61
0.50,-0.10,0.95,146.50,1.78,182.88
0.51,-0.19,0.90,151.97,-15.14,183.75
0.52,-0.42,0.86,144.32,-42.18,158.64
0.40,-0.24,0.81,159.58,-55.98,116.27
0.20,0.43,0.83,146.82,-66.48,103.25
-0.08,0.78,1.10,114.81,-44.77,152.66
-0.08,0.29,1.80,110.76,40.43,209.80
0.04,-0.35,2.00,16.93,42.47,249.99
0.56,-1.29,2.00,-58.17,-82.98,249.99
0.78,-0.88,2.00,18.79,-139.43,160.00
0.47,0.02,1.25,72.03,-30.23,79.62
0.08,0.48,1.25,75.80,137.47,78.87
-0.08,0.32,1.88,58.74,232.09,123.47
-0.11,0.08,2.00,110.57,202.72,160.96
0.04,-0.30,1.84,112.89,106.09,187.95
0.09,-0.58,1.22,106.99,50.80,182.43
-0.01,-0.57,0.88,132.71,87.86,181.02
-0.05,-0.54,1.04,150.78,130.86,197.58
0.18,-0.39,0.97,134.54,110.67,212.26
0.16,-0.15,0.85,92.88,83.99,209.46
0.02,-0.06,1.11,9.64,65.07,249.97
0.37,-0.12,1.60,-4.46,52.68,249.99
0.63,0.04,1.49,0.85,22.96,249.99
0.88,0.03,1.51,-89.42,-20.94,227.29
0.86,0.13,1.83,-128.27,-20.26,170.84
0.77,0.32,2.00,-100.36,14.40,114.79
0.56,0.39,2.00,-45.43,31.26,69.11
0.17,0.42,2.00,23.58,7.84,40.36
-0.14,0.34,2.00,39.83,-41.19,50.47
-0.34,0.15,1.78,42.18,-67.89,73.44
-0.38,0.02,1.53,48.32,-56.31,92.67
-0.46,-0.03,1.44,74.34,-21.89,113.71
-0.45,-0.09,1.41,104.23,12.51,146.96
-0.32,-0.09,1.29,99.40,24.02,172.84
-0.16,-0.13,1.20,56.69,25.20,186.72
-0.02,-0.01,1.06,47.94,52.56,187.24
0.05,0.17,0.95,49.23,107.84,197.89
0.19,0.22,1.09,22.88,144.55,220.03
0.49,0.01,1.27,-34.61,143.42,226.62
0.79,-0.24,1.53,-90.73,129.83,203.63
1.01,-0.22,1.89,-107.14,119.84,164.25
1.10,-0.07,1.99,-45.14,122.67,123.66
1.15,0.02,1.69,10.31,134.92,85.72
1.23,-0.05,1.68,26.65,145.81,40.59
1.32,-0.08,1.98,-10.06,107.72,-7.03
1.33,-0.10,2.00,-32.15,41.67,-50.38
1.28,-0.17,2.00,13.18,12.28,-86.52
1.25,-0.51,2.00,23.47,-4.04,-108.67
1.06,-1.08,2.00,44.93,-44.78,-160.59
0.69,-0.99,2.00,42.67,-119.86,-202.69
0.38,-1.17,2.00,10.73,-160.63,-200.94
0.16,-1.47,2.00,17.28,-141.48,-195.76
-0.00,-1.24,1.91,10.22,-152.67,-201.61
-0.25,-0.87,1.77,-30.23,-167.69,-199.31
-0.70,-0.50,1.90,-35.87,-161.10,-190.83
-0.90,-0.12,1.69,15.36,-140.05,-159.61
-0.80,-0.09,1.58,40.99,-114.89,-115.84
-0.57,-0.45,1.67,12.46,-98.06,-98.88
-0.52,-0.40,1.63,-13.87,-92.85,-125.45
-0.67,0.09,1.35,7.91,-56.59,-152.57
-0.73,0.69,1.03,65.82,17.56,-123.59
-0.36,0.67,0.86,51.93,85.91,-52.32
-0.25,0.25,1.24,31.21,139.78,-36.69
-0.24,0.32,1.22,28.82,118.20,-92.76
-0.26,1.35,0.82,2.70,108.60,-88.77
0.18,1.26,1.56,-134.30,49.55,32.29
0.75,0.57,1.38,-128.43,-21.16,96.87
1.52,-0.23,1.11,-135.57,-57.30,71.15
1.90,-0.49,1.32,-92.83,-50.87,-46.20
1.50,-0.10,1.48,-18.36,-34.97,-144.42
1.17,0.08,1.36,71.20,-52.81,-180.71
1.09,-0.06,1.25,104.74,-37.42,-196.67
1.04,-0.30,1.59,72.46,-31.52,-220.54
0.92,-0.07,2.00,44.44,-72.01,-235.66
0.72,0.17,2.00,56.20,-83.88,-219.09
0.59,-0.12,2.00,33.62,-99.78,-164.51
0.81,-0.30,1.97,66.34,-82.90,-135.18
0.82,-0.41,1.80,64.80,-80.88,-134.47
0.61,-0.33,1.61,13.20,-93.70,-133.30
0.47,-0.07,2.00,9.26,-75.80,-117.93
0.42,0.16,2.00,31.99,-63.36,-85.38
0.60,0.05,1.97,20.94,-48.31,-53.65
0.74,-0.19,1.91,33.91,-37.86,-76.78
0.55,0.25,1.84,30.48,-43.67,-122.88
0.36,0.74,2.00,19.98,-65.57,-113.74
0.36,0.80,1.62,29.96,-77.45,-72.01
0.57,0.52,1.50,23.28,-59.48,-38.28
0.66,0.30,1.46,28.07,-47.11,-46.44
0.53,0.27,1.32,29.15,-49.84,-67.86
0.30,0.38,1.03,20.68,-52.37,-72.62
0.16,0.28,0.86,-0.24,-45.77,-51.59
0.07,0.04,0.73,-4.72,-33.93,-38.06
-0.06,-0.15,0.74,-25.70,-27.98,-38.34
-0.28,-0.04,0.87,-49.98,-42.05,-38.44
-0.47,0.05,0.88,-48.67,-63.88,-25.70
-0.65,0.02,0.63,-45.43,-67.55,-5.14
-0.83,0.09,0.56,-63.05,-39.39,19.60
-0.66,0.24,0.92,-73.41,-17.85,44.19
-0.49,0.72,1.13,-60.75,3.83,60.57
-0.34,0.86,1.92,-136.24,3.17,124.31
0.07,0.33,2.00,-138.82,33.65,175.95
0.83,-0.08,2.00,-93.31,130.28,189.72
1.26,0.12,2.00,43.87,142.72,114.94
1.24,0.69,2.00,31.51,72.58,44.94
0.85,0.91,2.00,17.43,60.74,22.09
0.65,0.83,2.00,46.23,87.69,44.17
0.80,0.39,1.49,41.32,106.41,55.85
0.83,0.10,1.12,23.71,113.27,28.98
0.66,0.19,0.84,-5.55,88.59,7.65
0.49,0.42,0.87,-3.85,55.02,25.54
0.53,0.53,0.27,65.83,48.46,54.47
0.78,0.36,0.12,34.00,58.46,82.53
1.11,0.19,0.55,-23.64,19.33,76.13
1.16,0.17,0.78,-41.11,-34.79,48.66
1.29,0.23,0.93,-14.81,-49.31,17.68
1.39,0.38,1.21,2.17,-32.49,-23.16
1.41,0.18,2.00,-88.00,-63.93,-45.56
1.50,0.07,2.00,-121.96,-98.08,-75.50
1.36,-0.11,2.00,-95.49,-110.22,-83.82
1.28,-0.79,2.00,-22.06,-76.16,-109.66
0.70,-0.67,2.00,88.04,-34.76,-192.88
0.07,0.09,1.81,96.09,-73.56,-235.31
-0.37,0.46,1.07,24.63,-86.28,-202.00
-0.41,0.30,0.75,-9.00,-39.55,-141.19
-0.47,-0.22,0.75,16.86,28.37,-121.21
-0.76,-0.17,0.72,52.77,60.20,-124.85
-1.16,0.13,0.37,42.68,41.24,-90.58
-1.20,-0.00,0.08,-42.58,19.65,3.95
-0.72,-0.69,0.34,-83.71,48.64,62.46
-0.60,-0.54,0.64,-69.82,53.16,48.93
-0.53,-0.00,0.96,-142.21,-39.86,61.21
-0.49,0.47,1.36,-145.71,-37.53,86.90
-0.40,0.64,1.87,-119.51,22.98,163.26
0.17,0.18,2.00,-144.60,43.15,245.78
0.69,-1.27,2.00,-166.95,48.00,249.99
1.27,-1.97,2.00,-85.40,92.48,176.06
1.00,-0.59,2.00,71.73,33.00,-3.43
0.28,0.75,2.00,107.53,-52.89,-44.00
0.05,1.02,1.60,42.89,-32.44,49.10
0.29,0.45,1.73,74.66,27.81,112.80
0.40,0.12,1.75,113.47,36.36,112.87
0.37,0.17,1.39,96.59,-21.00,98.37
0.35,0.21,0.88,67.12,-63.31,97.60
0.48,0.17,0.54,47.15,-80.15,100.87
0.67,0.09,0.20,64.41,-57.45,86.23
0.65,0.25,0.22,86.17,-16.42,51.16
0.57,0.39,0.59,41.39,-60.10,28.82
0.62,0.56,0.74,31.89,-108.22,20.58
0.72,0.54,0.94,6.89,-59.60,16.33
0.65,0.20,2.00,19.33,91.24,37.20
0.70,0.03,2.00,19.13,73.51,86.43
0.93,-0.99,2.00,21.36,-48.39,52.04
0.74,-0.78,2.00,67.24,-88.57,-63.72
0.38,0.04,1.61,41.69,-77.19,-135.78
-0.00,0.65,1.44,12.15,-42.87,-142.35
-0.14,0.90,1.36,-14.42,-21.15,-93.86
-0.09,0.50,1.40,-28.47,8.99,-34.72
-0.03,-0.14,1.44,10.64,48.13,-18.55
-0.32,-0.41,1.21,80.28,69.31,-34.51
-0.64,-0.08,0.85,91.42,51.85,-19.97
-0.82,-0.06,0.43,55.53,31.33,33.49
-0.73,-0.33,0.42,14.33,34.68,95.11
-0.48,-0.48,0.80,-13.67,26.47,123.79
-0.13,0.20,0.92,-0.04,4.52,105.35
-0.49,0.94,0.96,-49.99,-14.17,123.42
-0.34,0.45,1.81,-125.81,-38.70,231.45
0.06,-0.24,2.00,-43.98,30.71,249.99
0.78,-1.27,2.00,-54.25,88.19,249.99
1.25,-1.30,2.00,7.05,51.41,147.63
0.70,-0.33,2.00,76.12,27.90,15.24
0.11,0.66,2.00,73.43,28.73,-4.75
-0.14,1.06,2.00,50.22,34.01,57.50
0.07,0.68,1.86,37.54,21.06,123.32
0.30,0.29,1.50,26.68,11.41,143.16
0.39,0.16,1.17,30.41,19.83,135.33
0.46,0.08,1.04,11.07,25.31,131.95
0.58,-0.01,1.02,1.57,14.79,124.78
0.71,-0.05,1.00,31.68,0.67,109.44
0.82,-0.05,0.83,85.15,-16.45,68.33
0.82,0.22,0.61,75.14,-59.49,32.30
0.73,0.13,0.74,43.81,-90.16,14.66
0.67,0.38,1.09,101.92,-85.29,1.50
0.69,1.06,1.34,132.64,-57.22,-11.26
0.38,0.71,2.00,47.88,-31.15,40.03
0.18,0.07,2.00,69.39,-38.23,75.46
0.35,-0.52,2.00,-19.10,-52.33,69.74
0.49,-0.44,2.00,-36.75,-71.30,-5.07
0.25,0.26,1.76,-6.67,-35.23,-65.81
-0.06,0.68,1.54,4.59,21.48,-69.62
-0.12,0.80,1.49,-2.11,46.85,-35.79
-0.02,0.56,1.57,-6.49,59.95,-4.62
0.04,0.24,1.52,-0.40,38.31,1.85
0.02,0.01,1.20,-5.10,8.69,-0.33
0.01,-0.15,1.00,16.63,7.38,-1.26
-0.18,0.01,0.68,81.94,34.13,4.78
-0.28,0.14,0.61,75.65,36.77,59.26
-0.12,-0.17,0.89,15.98,2.20,121.77
0.03,-0.38,1.21,-8.98,-36.11,137.38
0.32,0.02,1.35,33.55,-65.70,101.87
-0.09,0.77,1.25,75.12,-52.10,82.90
-0.09,0.70,1.64,-29.72,-72.96,167.12
0.31,0.14,2.00,-65.49,-55.61,195.03
0.76,-0.69,2.00,-91.32,-1.21,180.39
1.13,-0.69,2.00,-13.56,46.73,72.54
0.52,0.07,2.00,86.46,102.08,-30.92
-0.12,1.00,2.00,142.11,106.44,-29.02
-0.28,1.09,2.00,104.26,61.68,56.74
-0.08,0.58,1.99,68.37,39.94,125.71
0.08,0.21,1.55,89.39,48.19,140.43
0.19,0.09,1.17,95.56,68.15,148.18
0.24,0.03,1.00,88.71,84.35,157.39
0.37,-0.03,0.93,85.65,70.08,166.51
0.55,-0.07,0.67,69.85,22.95,167.81
0.76,-0.21,0.44,61.24,-1.22,158.31
0.94,-0.23,0.54,85.04,3.70,121.01
0.83,0.03,0.59,73.43,-20.79,85.50
0.70,0.20,1.13,52.43,-39.73,75.02
0.89,0.94,1.60,116.77,-38.15,65.36
0.71,0.94,2.00,119.41,-4.33,88.89
0.47,0.66,2.00,108.11,28.17,116.03
0.57,-0.00,2.00,-13.32,-24.62,132.04
0.80,-0.39,2.00,-45.96,-44.24,58.25
0.64,0.13,2.00,12.38,-0.13,-40.50
0.25,0.63,1.70,85.30,61.63,-87.02
-0.07,0.88,1.37,102.11,108.51,-67.07
-0.18,0.59,1.31,52.38,113.57,-15.72
-0.08,0.08,1.41,-5.84,81.02,10.07
-0.01,-0.24,1.22,-45.65,29.19,4.84
-0.19,-0.10,0.89,-39.41,15.83,3.61
-0.33,-0.04,0.80,10.85,49.29,30.81
-0.39,0.02,0.79,46.33,68.94,68.61
-0.33,-0.18,0.99,17.45,51.37,108.44
-0.25,-0.18,1.22,-16.18,10.93,122.08
-0.05,0.21,1.29,-1.85,-4.88,109.17
-0.25,1.03,1.36,46.22,20.96,106.53
-0.44,0.97,1.48,36.92,11.82,179.23
0.09,0.49,1.54,-22.06,5.50,236.08
0.48,-0.08,2.00,-112.95,4.29,229.50
1.03,-0.29,2.00,-115.17,-6.03,170.95
1.07,-0.17,2.00,37.45,25.26,70.21
0.80,0.25,2.00,116.69,86.81,-4.60
0.26,0.75,2.00,109.61,126.26,-28.81
-0.11,0.99,2.00,105.03,106.20,-6.84
-0.29,0.92,2.00,82.79,65.51,43.21
-0.21,0.67,1.70,62.32,27.13,99.47
0.06,0.32,1.14,64.28,21.89,134.00
0.42,0.10,0.83,61.23,30.82,146.69
0.76,0.03,0.80,34.90,10.99,148.45
0.90,-0.09,0.71,10.13,-33.42,148.28
1.06,-0.32,0.75,20.80,-47.56,133.54
0.99,-0.04,0.83,47.32,-72.83,97.97
0.72,0.11,0.77,27.79,-120.61,78.99
0.60,-0.03,0.83,22.85,-99.21,58.90
0.60,0.13,1.28,41.64,-86.14,6.00
0.28,0.64,1.32,29.05,-93.61,-55.02
-0.22,0.96,1.64,-9.51,-72.43,-36.27
-0.23,0.46,1.70,-35.77,-40.30,31.65
0.07,-0.21,1.94,-82.58,15.32,64.94
0.39,-0.60,2.00,-124.38,30.62,39.77
0.38,0.13,2.00,-35.67,51.52,-31.82
0.09,0.86,2.00,10.19,107.18,-12.71
-0.01,0.77,2.00,30.15,144.39,49.91
0.05,0.47,2.00,49.10,139.80,80.58
0.10,0.36,2.00,29.90,77.26,84.83
0.12,0.24,1.71,27.95,36.62,88.75
-0.01,0.17,1.27,58.02,52.05,99.16
-0.14,0.11,1.08,81.73,76.16,123.52
-0.12,-0.17,1.16,90.58,89.65,147.66
-0.12,-0.35,1.23,73.14,64.38,152.29
-0.10,-0.42,1.20,42.80,18.86,147.90
-0.15,-0.25,1.04,43.59,5.92,143.70
-0.12,-0.17,0.97,47.41,12.05,143.23
0.01,0.03,1.06,34.07,12.37,133.04
0.29,0.54,1.37,4.23,-7.23,123.14
0.08,0.71,1.42,-10.72,-37.94,142.54
0.25,0.39,1.33,0.59,-3.11,181.58
0.57,-0.09,1.73,9.58,49.74,185.17
0.83,0.10,1.93,18.58,35.38,141.44
0.64,0.21,1.71,-10.36,-2.32,112.34
0.42,0.24,1.81,-52.94,5.39,116.91
0.40,0.00,1.99,-71.51,0.16,115.62
0.33,-0.20,1.83,-74.91,-16.22,79.23
0.12,-0.13,1.77,-40.70,4.40,36.75
-0.08,0.12,1.75,28.14,30.54,15.40
-0.20,0.26,1.65,41.82,25.83,26.97
-0.13,0.01,1.59,27.71,4.30,39.31
-0.20,-0.04,1.53,32.07,-3.62,31.81
-0.26,0.10,1.64,36.16,-16.56,41.60
-0.28,0.22,1.62,48.26,-23.91,65.03
-0.21,0.12,1.65,27.61,-32.55,96.47
-0.14,-0.05,1.80,18.09,-35.93,109.37
-0.02,-0.14,1.93,19.98,-34.81,109.09
-0.04,0.10,1.91,71.09,-1.16,88.26
-0.15,0.41,1.94,115.09,47.10,99.31
-0.10,0.41,1.87,127.62,90.83,122.48
-0.06,0.32,2.00,58.56,112.34,134.85
-0.07,0.30,2.00,-19.91,70.34,145.47
-0.02,0.30,2.00,35.95,20.22,139.02
-0.03,0.24,2.00,51.91,32.68,139.33
-0.15,0.39,2.00,88.31,71.82,129.22
-0.22,0.39,2.00,111.85,69.82,134.95
-0.15,0.22,1.81,93.36,36.00,143.79
-0.13,0.07,1.30,62.26,24.22,145.24
0.01,-0.03,0.95,34.40,49.65,130.04
-0.00,-0.03,0.98,31.97,103.41,86.96
-0.03,0.23,1.22,70.95,113.68,64.87
0.01,0.54,1.30,111.47,68.90,86.49
0.14,0.38,0.91,94.09,-37.04,136.92
0.48,-0.21,0.29,72.96,-73.97,148.96
0.69,-0.42,0.24,57.48,-31.49,108.98
0.73,-0.13,0.46,34.48,-25.81,73.49
0.86,0.12,0.70,19.49,-71.27,71.55
1.16,0.18,0.48,2.63,-123.84,82.33
1.57,-0.05,0.41,-19.29,-97.59,67.83
1.88,-0.21,0.99,-72.14,-34.80,29.01
1.89,-0.05,2.00,-129.39,-40.46,4.71
1.74,0.02,2.00,-56.85,-93.26,-17.19
1.55,-0.18,2.00,-14.11,-108.22,-20.40
1.37,-0.25,2.00,-47.15,-116.21,-50.80
1.03,-0.01,2.00,-88.75,-120.02,-92.72
0.68,0.52,1.91,-90.85,-104.01,-107.28
0.47,0.81,1.73,-101.04,-81.83,-74.42
0.46,0.62,1.66,-76.13,-41.37,-33.48
0.49,0.32,1.60,-27.08,-3.91,-23.97
0.36,0.13,1.53,11.73,17.88,-47.50
-0.01,0.24,1.77,5.20,9.30,-54.34
-0.35,0.17,1.58,13.99,-16.11,-42.67
-0.47,-0.06,1.36,30.28,10.15,-27.98
-0.60,-0.17,1.27,74.52,51.93,-39.37
-0.81,0.01,1.19,86.12,71.89,-39.76
-0.94,0.22,1.25,68.59,69.79,-8.66
-0.77,0.21,1.17,70.49,85.21,33.08
-0.71,0.21,1.11,122.86,159.97,54.54
-0.42,0.22,1.23,87.35,184.61,93.89
0.01,0.02,1.82,-9.36,148.49,135.18
0.18,-0.14,1.92,-26.52,134.86,169.23
0.65,-0.68,2.00,7.45,189.64,185.56
0.90,-0.52,2.00,26.25,199.63,140.37
0.85,-0.16,2.00,-38.00,160.39,116.75
0.78,-0.00,2.00,-57.73,133.37,125.63
1.01,0.01,1.76,-71.30,115.51,139.11
1.25,-0.11,1.75,-75.48,124.38,136.92
1.46,-0.33,1.90,-94.09,86.71,114.18
1.74,-0.42,1.89,-80.94,32.27,50.87
1.77,-0.13,1.78,-61.45,-12.71,-26.34
1.55,0.16,1.60,-29.74,-63.63,-88.41
1.26,0.44,1.28,5.73,-82.29,-111.39
1.17,0.17,1.14,29.66,-78.09,-122.00
1.03,-0.07,1.03,74.52,-76.59,-163.99
0.81,-0.22,0.95,69.85,-99.24,-211.31
0.78,-0.15,1.17,53.63,-133.32,-250.00
0.63,-0.10,1.22,54.64,-146.09,-250.00
0.81,-0.08,1.45,64.21,-91.41,-250.00
0.94,-0.09,1.96,52.39,-39.47,-230.08
1.09,-0.66,2.00,-36.24,-51.77,-179.91
1.35,-1.01,2.00,-40.53,-79.47,-173.92
1.31,-1.25,2.00,-20.47,-93.39,-198.12
0.91,-1.03,2.00,-28.76,-138.76,-237.60
0.49,-0.58,1.95,-68.20,-175.13,-250.00
0.12,-0.23,1.53,-76.10,-157.34,-239.65
-0.26,-0.17,1.41,-72.66,-113.20,-219.87
-0.57,-0.07,1.37,-73.13,-87.74,-205.16
-0.82,-0.00,1.23,-70.89,-58.92,-193.41
-1.23,0.15,1.22,-42.92,-7.34,-183.68
-1.54,0.56,1.28,9.03,30.07,-143.15
-1.61,0.74,1.01,8.65,27.30,-47.15
-1.22,0.19,1.14,-53.23,35.23,65.02
-0.75,-0.53,1.33,-20.68,66.47,102.48
-0.45,-0.49,1.49,13.44,69.05,89.26
-0.24,-0.01,1.65,4.48,37.70,81.67
-0.22,0.31,1.57,-1.50,25.51,104.58
0.28,0.18,1.94,-14.14,70.43,162.38
0.74,-0.17,2.00,-31.30,97.56,188.06
1.24,-0.52,2.00,-12.47,104.02,170.94
1.37,-0.28,2.00,51.12,102.87,106.29
1.25,0.12,2.00,47.04,80.00,60.07
1.01,0.45,2.00,32.80,77.92,34.21
0.80,0.71,1.72,20.58,68.82,26.08
0.67,0.61,1.48,-7.23,48.48,34.19
0.73,0.33,1.35,-10.67,26.96,24.34
0.75,0.30,0.96,15.58,12.02,-10.94
0.73,0.36,0.65,1.63,15.36,-40.85
0.73,0.40,0.67,-16.47,29.63,-66.68
0.81,0.33,0.93,-8.50,26.86,-89.68
0.87,0.30,0.95,20.52,-14.22,-108.88
0.95,0.09,0.73,17.81,-84.27,-124.18
0.94,-0.21,0.68,22.05,-116.39,-151.00
0.74,-0.12,1.03,104.40,-129.86,-180.92
0.67,0.32,0.98,117.12,-189.46,-183.77
0.59,0.76,0.95,0.82,-250.00,-127.29
1.37,0.12,1.61,-90.17,-151.09,-32.81
1.74,-0.63,2.00,-16.84,16.43,-24.38
1.72,-1.02,2.00,6.10,39.60,-55.20
1.25,-0.68,2.00,9.60,-98.28,-107.35
0.72,-0.21,2.00,-33.57,-228.49,-123.54
0.53,-0.17,1.96,-106.06,-230.48,-110.33
0.46,-0.29,1.59,-119.46,-139.83,-125.12
0.24,-0.15,1.62,-105.84,-56.94,-160.97
0.01,0.01,1.73,-106.88,-44.51,-175.91
-0.20,-0.03,1.51,-108.59,-78.84,-176.61
-0.41,-0.18,1.14,-135.44,-106.70,-158.49
-0.42,-0.56,0.99,-120.89,-78.70,-160.58
-0.62,-0.58,1.02,-61.53,-31.07,-180.73
-0.87,-0.07,1.18,-47.07,-88.01,-151.80
-0.78,0.17,0.68,-80.91,-164.72,-90.00
-0.52,0.35,0.56,-73.33,-88.04,-54.53
-0.75,0.91,1.24,-29.98,22.83,-5.29
-0.51,0.91,2.00,-18.86,-1.43,99.65
0.07,0.40,2.00,-29.90,-62.69,168.55
0.81,-0.40,1.79,-46.57,-31.62,178.94
1.38,-1.07,2.00,-44.79,100.66,131.12
1.33,-0.82,2.00,-4.92,176.62,29.82
0.69,0.34,2.00,46.14,150.65,-30.32
0.42,0.92,2.00,19.53,91.12,-0.37
0.39,0.90,2.00,5.18,48.45,75.57
0.65,0.18,1.38,49.11,79.79,125.21
0.76,-0.11,1.17,85.35,111.79,109.48
0.72,-0.06,1.04,98.40,116.81,72.40
0.53,0.22,0.82,59.64,72.56,49.88
0.51,0.34,0.72,-1.51,22.36,59.33
0.63,0.36,0.76,-14.13,-15.80,63.71
0.81,0.18,0.76,-1.53,-28.36,45.74
0.98,0.09,0.81,6.57,-49.48,4.75
1.34,0.29,0.89,-30.01,-90.31,-41.69
1.51,0.41,1.18,-19.96,-72.45,-74.28
1.44,0.21,2.00,18.46,-10.60,-77.00
1.68,-0.17,2.00,54.13,2.98,-93.68
1.31,-0.63,2.00,-12.59,-71.80,-130.20
0.97,-0.76,2.00,-0.63,-117.07,-176.86
0.68,-0.52,2.00,43.56,-112.53,-211.79
0.29,-0.27,1.65,39.51,-93.87,-231.52
-0.01,0.06,1.17,15.61,-65.36,-224.99
-0.09,0.21,1.03,-31.83,-44.85,-185.16
-0.13,0.11,1.03,-52.29,-29.01,-148.24
-0.25,0.07,0.95,-52.44,-23.19,-122.88
-0.36,-0.03,0.85,-59.02,-33.36,-92.42
-0.46,-0.14,0.75,-38.29,-19.25,-60.23
-0.51,-0.15,0.75,-8.29,11.64,-26.14
-0.46,-0.20,1.02,-13.01,22.00,8.50
-0.43,-0.16,1.21,-23.46,-8.22,31.31
-0.38,-0.06,1.30,-23.93,-27.85,49.30
-0.14,0.10,1.49,-13.12,-28.87,61.97
-0.28,0.47,1.45,21.81,-3.69,53.95
-0.14,0.52,1.93,-38.29,6.95,115.41
0.23,0.13,2.00,-80.38,4.33,172.45
0.84,-0.71,2.00,-71.12,14.18,175.83
1.32,-0.87,2.00,10.41,8.35,73.49
1.00,-0.12,2.00,51.16,11.57,-24.51
0.53,0.51,1.96,55.39,46.76,-43.87
0.18,0.86,1.75,53.45,82.46,-4.39
0.20,0.68,1.68,35.53,77.49,50.87
0.37,0.48,1.42,29.91,42.71,74.20
0.43,0.30,1.10,19.99,16.99,74.47
0.46,0.31,0.87,17.78,15.10,69.69
0.50,0.27,0.81,30.36,27.65,67.69
0.61,0.21,0.96,45.36,26.12,64.15
0.85,0.03,1.08,30.59,-14.60,46.20
1.00,0.00,1.04,10.60,-72.26,0.96
0.97,0.01,0.92,8.82,-101.17,-47.98
0.89,0.08,1.11,38.50,-78.19,-77.42
1.27,0.42,1.42,68.17,-74.48,-101.30
0.88,0.13,1.62,27.13,-47.99,-119.93
0.92,0.24,2.00,28.18,-1.88,-123.91
0.53,0.33,2.00,38.41,-20.74,-91.82
0.62,0.00,2.00,12.95,-80.70,-55.46
0.62,-0.27,1.80,-16.24,-86.20,-65.59
0.60,-0.18,1.50,-24.37,-69.60,-95.51
0.35,0.14,1.23,-34.16,-50.07,-113.69
0.29,0.36,1.08,-49.48,-35.26,-95.03
0.42,0.16,1.13,-69.95,-21.74,-67.07
0.51,-0.16,1.29,-70.98,-8.59,-73.96
0.36,-0.18,1.44,-61.02,-2.61,-101.26
0.24,-0.08,1.64,-68.50,-22.22,-106.39
0.17,0.02,1.47,-25.33,-46.89,-106.19
0.14,-0.01,1.10,-19.76,-58.13,-94.86
0.27,-0.15,1.02,-24.24,-39.54,-95.59
0.32,-0.28,1.15,-3.85,1.53,-118.64
0.42,-0.26,1.59,6.29,10.49,-146.22
0.34,0.33,1.55,54.76,-27.98,-180.63
0.08,0.49,1.05,-37.97,-75.61,-136.56
0.49,0.07,1.29,-95.60,-29.32,-101.04
0.51,-0.18,1.83,-100.56,19.40,-103.09
0.58,-0.06,2.00,-89.84,-14.44,-117.26
0.58,0.19,1.92,-89.98,-76.37,-121.49
0.58,0.26,1.29,-112.12,-104.49,-119.09
0.65,0.19,1.10,-150.23,-46.58,-102.13
0.72,-0.05,1.75,-171.90,21.77,-88.49
0.78,-0.21,2.00,-111.91,36.55,-100.73
0.66,-0.23,2.00,-53.12,-2.69,-142.33
0.56,-0.23,1.88,-55.05,-48.55,-165.32
0.50,-0.19,1.48,-43.37,-73.73,-189.64
0.49,-0.25,1.11,-46.67,-62.07,-201.48
0.52,-0.23,1.05,-46.04,-40.85,-217.15
0.61,-0.20,1.00,-63.26,-34.36,-233.62
0.63,-0.21,1.02,-79.30,-16.53,-247.57
0.68,-0.02,1.37,-99.65,-13.81,-246.16
0.72,0.23,1.76,-128.42,-80.17,-232.85
0.91,0.28,1.83,-177.68,-180.10,-207.83
1.10,0.08,1.73,-183.85,-190.49,-206.92
1.25,0.23,1.68,-133.84,-125.18,-204.51
1.43,0.27,1.93,-80.35,-52.44,-194.11
1.35,0.38,2.00,-33.51,-31.56,-189.86
1.24,0.50,2.00,-33.17,-64.18,-167.25
1.23,0.33,1.71,-34.91,-88.60,-156.51
1.17,0.07,1.55,-32.97,-49.07,-160.24
0.90,0.02,1.78,15.10,-8.69,-174.16
0.51,0.10,1.62,34.58,-44.39,-178.60
0.22,0.21,1.13,-6.59,-83.85,-166.68
0.04,0.20,1.13,-39.31,-64.48,-162.58
-0.12,0.48,1.44,-30.01,-45.59,-143.03
0.06,0.62,1.25,-38.91,-71.33,-87.82
0.57,0.25,1.13,-61.62,-85.47,-35.80
0.93,-0.08,0.85,-31.85,-60.13,-30.16
1.17,-0.18,0.70,-43.63,-37.62,-42.21
1.40,-0.19,1.08,-61.56,-30.88,-62.36
1.30,0.00,0.97,-41.39,-37.96,-96.61
1.06,0.04,0.91,-62.54,-26.57,-109.98
0.75,0.08,1.42,-36.90,-11.56,-119.75
0.52,0.32,1.34,-15.43,-28.48,-124.15
0.32,0.50,1.14,-42.50,-50.30,-123.44
0.06,0.70,1.26,-56.69,-52.59,-93.44
0.08,0.51,1.09,-32.52,-56.60,-52.37
0.10,0.23,1.04,-51.11,-80.67,-39.33
-0.01,0.10,1.12,-98.11,-115.12,-42.76
-0.22,0.29,1.31,-96.58,-128.49,-22.50
-0.33,0.31,1.11,-80.25,-128.68,31.44
-0.23,0.11,1.03,-104.71,-97.18,96.08
0.10,-0.30,1.37,-132.77,-54.09,126.90
0.34,-0.38,1.57,-110.34,-3.59,122.64
0.49,-0.35,1.98,-74.94,61.60,118.79
0.55,-0.14,2.00,-13.68,113.24,112.80
0.73,-0.26,2.00,-6.34,123.89,107.53
0.84,-0.25,2.00,-3.81,103.82,65.78
0.75,0.11,2.00,2.94,102.62,29.90
0.64,0.53,2.00,50.48,133.50,26.73
0.55,0.77,1.81,89.09,170.07,45.09
0.45,0.74,1.77,81.49,186.85,67.63
0.41,0.58,1.80,43.01,156.79,77.29
0.33,0.51,1.51,8.64,101.47,76.99
0.27,0.53,1.27,1.50,75.03,84.19
0.42,0.42,1.09,-4.01,75.01,104.55
0.78,0.06,1.14,-21.56,69.31,103.64
1.12,0.04,1.27,-20.03,40.45,64.87
1.09,0.23,1.32,-26.95,-21.39,35.84
1.07,0.22,1.22,-12.61,-92.97,34.91
1.11,0.06,0.84,29.97,-94.80,16.90
1.24,0.08,0.81,38.49,-54.03,-26.36
1.19,-0.10,1.45,-30.06,-26.03,-56.53
1.30,-0.12,2.00,25.46,11.43,-97.56
0.69,-0.11,2.00,71.38,20.73,-112.72
0.51,-0.35,2.00,39.98,-39.30,-90.93
0.55,-0.55,2.00,3.73,-79.98,-99.48
0.48,-0.47,2.00,-9.90,-82.53,-129.20
0.36,-0.30,1.85,-13.59,-70.18,-162.01
0.21,-0.03,1.51,-36.16,-37.54,-168.26
0.05,0.14,1.43,-12.37,12.85,-150.63
-0.03,0.14,1.28,17.04,46.02,-124.90
-0.01,-0.04,1.17,7.38,39.84,-104.41
-0.04,-0.20,1.00,-12.73,12.07,-98.67
-0.25,-0.30,0.96,-29.18,2.43,-82.48
-0.33,-0.27,1.17,-24.57,-14.16,-45.36
-0.28,-0.19,1.12,-8.03,-54.77,-5.80
-0.23,-0.16,0.91,-4.90,-90.03,18.78
-0.10,-0.02,0.72,15.24,-75.48,17.98
-0.32,0.58,0.94,82.09,-26.47,1.31
-0.24,0.96,1.57,33.16,-49.04,77.47
0.16,0.61,2.00,-36.93,-64.29,121.57
0.41,-0.15,2.00,2.92,51.03,89.78
0.34,-0.11,2.00,92.86,169.85,12.86
0.13,0.24,2.00,125.97,153.57,-33.20
0.11,0.55,2.00,100.98,78.70,-27.71
0.19,0.56,1.94,35.78,26.09,4.71
0.32,0.31,1.22,-0.31,52.49,29.19
0.53,0.22,1.07,-19.04,104.13,35.82
0.54,0.29,1.38,-75.74,47.94,53.63
0.60,0.23,1.12,-51.05,-40.61,73.74
0.61,0.11,0.56,-11.89,-67.59,68.52
0.53,0.25,0.75,-36.07,-63.70,61.62
0.52,0.36,1.26,-30.04,-110.08,54.19
0.51,0.30,0.96,-0.22,-168.11,42.37
0.52,0.05,0.84,-8.60,-136.45,30.33
0.54,-0.03,1.59,4.07,-93.37,-1.76
0.62,0.37,1.88,19.65,-106.64,-41.11
0.47,0.35,2.00,-16.87,-82.47,-25.84
0.52,-0.01,2.00,-21.35,-46.13,2.78
0.68,-0.57,2.00,-25.62,-12.19,14.75
0.72,-0.60,2.00,39.94,-12.66,-42.82
0.33,0.21,1.92,77.51,-26.45,-88.62
-0.05,0.79,1.40,45.56,-2.33,-62.10
-0.09,0.81,1.45,13.74,31.59,13.12
0.13,0.30,1.48,45.64,43.79,49.20
0.20,-0.20,1.25,64.34,38.96,27.15
-0.02,-0.44,1.06,74.58,48.29,-26.10
-0.36,-0.10,0.99,81.70,65.08,-52.58
-0.54,0.21,0.88,85.97,67.92,-26.15
-0.40,0.08,0.93,57.02,56.85,37.44
-0.11,-0.34,1.01,32.73,19.41,62.51
-0.14,-0.37,0.83,37.63,-5.74,42.53
-0.13,0.07,0.77,40.10,10.23,37.61
-0.56,0.85,0.84,67.32,51.93,55.84
-0.34,0.58,1.66,-80.50,44.64,198.78
0.45,-0.55,2.00,-124.84,29.91,249.99
1.23,-1.42,2.00,-83.09,46.10,212.01
1.04,-0.55,2.00,45.51,14.75,67.78
0.39,0.41,2.00,52.31,7.06,44.18
0.14,0.63,2.00,43.11,47.74,85.96
0.09,0.54,2.00,52.93,58.85,116.27
0.13,0.49,1.82,55.37,44.70,126.27
0.16,0.56,1.38,48.11,17.30,133.42
0.18,0.53,1.01,33.34,-4.88,153.31
0.27,0.30,0.61,60.82,9.78,169.70
0.55,0.03,0.42,77.26,35.00,163.61
0.90,0.06,0.26,61.71,11.28,144.25
1.13,0.11,0.30,7.49,-37.57,123.63
1.08,0.08,0.42,-20.57,-54.86,79.75
0.81,0.25,1.08,-28.00,-40.70,44.56
0.96,0.54,1.90,-18.83,-98.78,16.75
0.42,0.62,2.00,-37.68,-140.44,2.98
0.30,-0.02,2.00,-25.73,-83.48,43.27
0.64,-0.85,2.00,-60.79,-37.80,69.27
0.91,-1.38,2.00,-42.86,-22.51,-21.92
0.41,-0.15,1.92,-7.23,-9.57,-135.09
-0.18,0.69,1.47,-45.94,24.21,-129.58
-0.22,1.11,1.63,-47.58,102.18,-39.05
0.18,0.65,1.86,-12.10,133.90,41.80
0.52,-0.10,1.84,-38.57,83.18,56.59
0.67,-0.45,1.56,-52.83,24.84,15.58
0.41,-0.41,1.27,-15.25,25.28,-48.72
0.08,-0.07,1.15,35.02,27.98,-78.80
-0.14,0.30,1.00,77.21,11.06,-65.19
-0.17,0.32,0.99,62.37,-28.88,-12.66
-0.12,-0.17,1.24,47.42,-55.80,23.03
-0.23,-0.30,1.61,90.74,-44.09,27.41
-0.10,0.12,1.64,149.35,-59.04,20.50
-0.58,0.89,1.45,124.81,-73.17,56.86
-0.28,0.34,2.00,19.57,-55.76,187.64
0.17,-0.53,2.00,11.10,-17.48,231.11
0.82,-1.17,2.00,-15.92,-34.66,183.74
0.88,-0.71,2.00,15.85,-39.86,50.60
0.48,0.29,1.65,32.55,30.44,-28.47
-0.18,1.02,1.83,29.93,124.16,-7.19
-0.52,1.23,2.00,99.16,174.67,81.66
-0.40,0.64,2.00,86.94,164.23,178.72
-0.07,-0.17,2.00,27.29,101.60,204.33
0.03,-0.28,2.00,37.43,67.37,186.16
-0.03,-0.07,1.77,53.57,56.79,192.79
0.02,-0.07,1.39,63.82,63.42,222.95
0.26,-0.32,1.15,48.83,64.52,234.09
0.45,-0.44,0.89,27.11,32.65,203.96
0.48,-0.25,0.68,-2.04,26.70,170.84
0.50,0.02,0.73,16.27,50.77,154.82
0.58,0.18,0.67,36.89,79.92,143.33
1.12,0.16,0.99,-17.01,77.22,106.89
0.79,0.21,1.68,-48.42,62.29,54.45
0.61,0.67,2.00,14.15,18.32,44.70
0.55,0.60,2.00,15.33,-75.68,74.96
1.02,-0.44,1.99,-134.29,-193.63,85.56
1.10,-1.16,1.72,-161.95,-208.26,-25.76
0.43,-0.61,1.84,-114.53,-84.48,-125.85
-0.43,0.09,1.86,-37.83,35.68,-116.40
-0.59,-0.05,2.00,-15.32,74.89,-48.74
-0.41,-0.42,2.00,-21.19,38.64,-26.32
-0.24,-0.45,1.83,-35.55,3.66,-51.05
-0.50,-0.01,1.56,-30.72,-14.77,-62.86
-0.59,0.36,1.49,-0.52,-7.22,-38.68
-0.53,0.49,1.44,26.52,1.81,1.74
-0.35,0.35,1.40,30.14,-11.66,30.81
-0.27,0.08,1.25,19.66,-25.88,26.86
-0.38,0.15,1.47,41.95,-7.74,27.21
-0.43,0.23,1.53,135.83,20.45,45.37
-0.44,0.21,1.57,144.33,8.48,66.02
-0.42,0.12,1.64,74.35,-48.52,96.04
-0.19,0.05,1.82,72.65,-68.47,121.07
-0.07,0.14,1.94,115.17,-24.00,139.63
0.05,0.11,2.00,50.08,-44.45,166.44
0.20,-0.12,2.00,-33.84,-106.48,195.53
0.58,-0.49,2.00,-17.33,-75.26,184.17
0.77,-0.53,2.00,3.44,7.32,142.78
0.64,-0.38,2.00,39.73,66.75,92.43
0.29,0.07,2.00,91.80,76.17,73.83
0.11,0.17,2.00,95.71,52.79,104.99
0.33,-0.05,1.81,51.86,25.31,136.18
0.70,-0.36,1.57,23.88,-14.64,116.49
0.80,-0.15,1.15,30.89,-34.29,62.23
0.65,0.27,0.99,55.59,-26.38,37.81
0.45,0.53,0.74,121.35,8.83,37.27
0.29,0.63,0.89,124.34,36.31,56.18
0.47,0.35,1.29,58.37,-36.54,66.32
0.58,0.00,1.09,27.63,-125.58,29.58
0.61,0.25,0.98,61.82,-118.44,-18.43
0.17,0.55,1.04,162.03,-81.40,-39.28
0.51,0.75,0.62,158.65,-61.76,21.43
0.84,0.22,1.14,61.61,8.92,57.42
0.75,-0.29,1.95,19.44,23.41,27.81
0.75,-0.34,2.00,-29.10,24.93,1.30
0.77,-0.23,2.00,1.46,51.85,-24.60
0.41,0.17,2.00,70.48,79.37,-45.78
0.11,0.40,1.85,2.53,104.06,-7.29
0.17,0.09,2.00,-91.39,69.63,36.10
0.31,-0.22,2.00,-130.46,-0.72,31.11
0.19,-0.13,1.79,-86.03,-27.57,-14.02
-0.04,0.30,1.32,-31.58,-4.53,-29.88
-0.18,0.44,1.20,-12.95,22.80,4.85
-0.10,0.18,1.25,14.00,23.54,33.28
-0.09,0.05,1.18,54.47,23.52,28.50
-0.12,0.13,1.17,73.87,13.91,25.01
-0.12,0.14,1.13,65.38,-4.55,50.33
0.05,-0.08,1.28,97.63,16.97,65.98
-0.08,0.23,1.26,157.07,36.18,40.07
-0.12,0.76,1.13,62.16,7.19,75.10
0.23,0.52,1.88,-32.03,-3.45,147.29
0.34,-0.09,2.00,0.25,29.34,173.16
0.63,-0.53,2.00,41.97,48.93,138.08
0.60,-0.01,2.00,65.54,39.88,62.54
0.41,0.40,1.85,35.71,25.47,39.94
0.36,0.48,1.44,11.23,37.00,54.15
0.27,0.17,1.37,3.77,78.96,55.81
0.07,0.30,1.95,8.59,116.17,38.99
-0.00,0.53,2.00,-0.85,71.27,46.78
-0.00,0.47,1.71,3.44,10.96,76.14
0.16,0.17,1.05,23.52,6.90,97.02
0.40,-0.10,0.90,47.63,48.45,90.54
0.60,-0.17,0.98,29.88,31.13,55.32
0.62,-0.13,1.08,-29.66,-34.74,11.38
0.54,0.13,1.07,-11.76,-80.31,-13.59
0.59,0.23,0.73,36.20,-52.89,-19.16
0.81,0.61,0.73,66.06,20.65,-24.56
0.38,0.29,1.62,-11.26,68.56,-5.31
0.65,0.22,2.00,-38.45,36.54,18.23
0.95,-0.08,2.00,-32.72,-19.33,3.81
0.85,-0.12,2.00,-7.35,-25.51,-44.17
0.65,0.05,1.94,-23.22,17.25,-67.57
0.36,0.24,2.00,-18.49,50.63,-73.79
0.19,0.44,2.00,-19.49,34.47,-61.50
0.19,0.26,1.83,-37.90,6.85,-51.50
0.16,0.04,1.67,-8.97,14.36,-62.90
-0.11,-0.01,1.43,19.42,25.19,-79.58
-0.39,0.07,1.39,0.85,16.40,-72.67
-0.55,0.18,1.53,-4.07,-5.93,-41.39
-0.55,0.08,1.53,22.69,-18.80,2.76
-0.57,-0.19,1.33,64.87,-24.30,38.64
-0.49,-0.35,1.07,69.27,-37.39,56.08
-0.40,-0.35,1.05,42.45,-39.86,63.98
-0.28,0.03,1.10,45.60,-36.17,57.03
-0.32,0.22,1.08,1.58,-36.00,83.43
0.14,0.04,1.45,-44.36,-11.30,120.38
0.23,-0.32,2.00,-48.93,62.10,126.01
0.44,-0.43,2.00,-20.07,77.96,117.10
0.63,-0.09,2.00,57.24,17.95,77.26
0.64,0.26,1.90,44.72,-17.49,53.74
0.58,0.42,1.64,-25.44,6.58,68.53
0.63,0.26,1.78,-24.73,43.06,83.12
0.69,0.20,1.79,-9.48,47.45,74.97
0.66,0.29,1.58,-13.68,2.98,56.65
0.55,0.39,1.22,-26.08,-37.12,45.69
0.51,0.52,0.96,-29.76,-52.05,44.52
0.56,0.47,0.93,-29.62,-46.22,51.92
0.57,0.37,0.97,28.68,-31.33,42.86
0.69,0.33,0.96,47.04,-41.07,34.00
0.76,0.11,0.89,33.52,-71.74,7.10
0.91,0.19,0.99,35.34,-69.11,-28.83
0.67,0.21,1.32,34.79,-17.78,-66.70
0.36,0.22,2.00,19.84,32.10,-71.63
-0.38,0.07,2.00,-13.72,31.30,-15.63
0.00,-0.77,2.00,-75.44,5.07,72.49
0.40,-1.33,2.00,-0.72,10.49,29.54
0.28,-0.78,1.69,50.06,-2.44,-68.60
-0.25,-0.02,1.00,36.36,-22.35,-120.22
-0.55,0.60,0.72,-52.93,-26.50,-79.90
-0.51,0.75,0.88,-117.36,-7.26,7.94
-0.28,0.33,1.28,-104.87,30.08,92.48
0.10,-0.60,1.71,-40.36,32.66,109.89
0.23,-0.75,1.74,28.13,16.44,53.20
-0.03,-0.36,1.78,22.75,-36.38,20.35
-0.13,-0.08,1.67,45.76,-74.71,28.07
0.06,0.43,1.41,86.53,-53.93,17.81
-0.29,0.26,2.00,13.96,-47.22,77.22
-0.15,0.02,2.00,19.95,-43.37,145.27
0.07,-0.49,2.00,5.39,-7.35,212.27
0.56,-1.02,2.00,9.19,-28.33,185.97
0.63,-0.57,1.94,67.49,-57.75,72.66
0.27,0.20,1.27,24.83,-32.18,14.30
-0.02,0.47,1.42,-49.17,13.37,34.06
-0.07,0.57,1.92,-13.62,35.70,87.12
0.07,0.35,1.68,53.96,10.73,140.65
0.36,-0.18,1.32,44.85,-16.30,165.60
0.57,-0.65,1.19,52.62,-7.83,126.98
0.40,-0.49,1.26,82.44,16.08,65.07
0.07,-0.05,1.58,104.70,2.11,48.18
0.03,0.05,1.40,105.31,-45.91,61.09
0.21,-0.06,1.08,91.64,-68.95,49.84
0.19,0.03,1.06,54.84,-57.61,36.57
0.19,0.29,1.41,40.93,-44.32,56.08
0.06,0.58,1.56,29.96,-40.78,123.85
0.14,0.21,1.76,-33.33,-52.08,234.34
0.41,-0.47,1.79,-30.98,-50.42,249.99
0.57,-0.68,1.54,16.06,2.41,249.99
0.52,-0.77,1.79,27.57,65.06,204.08
0.24,-0.49,2.00,59.06,71.93,142.56
0.05,-0.25,2.00,63.14,20.37,109.16
-0.03,-0.08,1.67,61.13,-41.18,86.26
-0.03,-0.05,1.52,21.61,-74.36,80.00
0.05,-0.17,1.43,20.84,-68.69,67.89
-0.02,-0.23,1.60,48.30,-34.46,58.08
-0.14,0.09,1.56,142.59,-8.48,59.57
-0.19,0.15,1.28,138.75,-1.80,97.05
-0.06,-0.10,1.25,40.70,-28.67,133.52
0.06,-0.25,1.21,-6.61,-40.93,126.35
-0.03,-0.12,1.52,-18.82,-19.76,117.88
-0.09,0.13,1.60,16.59,-13.34,137.00
0.01,-0.02,1.60,21.61,7.60,177.89
0.15,-0.39,1.80,34.58,34.03,183.53
0.15,-0.35,2.00,60.07,39.65,166.42
0.18,-0.19,2.00,61.98,8.00,171.66
0.26,-0.21,1.81,94.57,-5.60,179.79
0.36,-0.42,1.66,113.16,27.79,174.98
0.38,-0.43,1.77,131.20,71.25,149.35
0.24,-0.12,2.00,139.31,84.98,132.07
0.12,0.18,2.00,135.35,61.89,149.15
0.24,0.10,2.00,103.58,15.17,181.60
0.57,-0.17,1.95,66.32,-8.03,172.86
0.84,-0.18,1.83,26.28,-11.78,133.69
0.82,0.04,1.91,-19.04,1.10,93.10
0.79,0.33,2.00,10.65,33.88,58.49
0.62,0.39,1.89,44.91,100.04,14.66
0.23,0.38,1.80,43.26,157.90,-25.55
-0.09,0.57,2.00,11.74,156.55,-30.78
-0.17,0.92,2.00,59.66,60.26,-25.53
-0.13,0.77,1.41,20.18,-34.02,18.81
0.04,0.37,1.16,-3.13,-29.71,44.93
0.27,-0.01,1.35,38.32,-6.95,44.18
0.44,-0.19,1.32,90.87,-44.65,27.89
0.35,-0.09,1.02,86.75,-120.00,16.09
0.19,-0.00,0.71,49.08,-158.14,21.35
0.19,-0.06,0.67,55.92,-140.87,36.97
0.35,-0.13,0.75,72.56,-97.78,50.64
0.58,-0.25,0.97,48.30,-91.29,56.21
0.73,-0.09,1.05,16.69,-85.69,28.99
0.50,0.39,1.35,21.35,-3.33,-1.95
0.41,0.86,2.00,50.38,64.23,34.42
0.39,0.77,2.00,92.32,48.00,90.46
0.62,0.24,2.00,51.88,-30.12,119.82
0.90,-0.20,2.00,-35.98,-52.80,92.49
0.93,-0.16,1.89,-15.15,-15.34,17.02
0.70,0.27,1.76,10.58,45.38,-40.05
0.49,0.68,1.75,39.79,84.65,-53.45
0.33,0.75,1.71,24.22,85.80,-28.79
0.28,0.37,1.70,-3.72,72.22,-0.51
0.25,-0.01,1.77,-16.74,55.66,11.57
0.26,-0.21,1.58,-3.87,17.23,6.42
0.06,-0.13,1.29,24.44,-1.63,-4.16
-0.23,0.01,0.92,63.11,-10.80,1.35
-0.34,0.03,0.61,64.20,-14.41,28.88
-0.28,-0.15,0.56,47.90,-6.54,46.35
-0.32,0.01,0.86,7.75,2.79,24.65
-0.49,0.54,1.94,-43.11,-50.81,24.38
-0.34,1.13,2.00,21.13,-91.25,82.95
-0.15,0.66,1.66,69.31,-17.25,187.69
0.21,-0.27,2.00,-8.83,92.35,249.99
0.80,-1.17,2.00,-77.72,99.04,229.83
1.15,-0.73,2.00,4.38,23.65,87.98
0.80,0.07,1.97,34.50,-39.02,-9.83
0.43,0.67,1.06,25.60,-16.62,-1.49
0.24,0.80,0.79,36.20,102.28,75.60
0.43,0.29,1.46,14.05,152.16,142.35
0.62,-0.16,1.57,-0.14,76.24,138.57
0.71,-0.22,1.03,0.02,-6.85,93.86
0.68,0.03,0.53,-2.16,-26.30,60.36
0.63,0.26,0.32,-2.09,21.32,55.39
0.65,0.36,0.92,-19.18,55.31,58.77
0.84,0.29,1.52,-30.75,3.78,50.19
1.04,0.20,1.51,1.93,-64.19,8.03
1.14,0.19,1.23,23.80,-75.62,-43.83
0.97,0.30,1.56,33.53,-42.50,-83.02
0.93,0.26,2.00,-0.59,-48.13,-74.68
1.07,0.04,2.00,-24.77,-44.06,-64.46
0.89,-0.48,2.00,-35.72,-23.97,-59.82
0.72,-0.73,2.00,6.42,7.39,-81.75
0.45,-0.45,2.00,32.41,-11.43,-117.85
0.18,-0.17,2.00,19.39,-38.60,-128.50
0.20,0.04,1.69,-23.57,-51.51,-113.29
0.29,0.08,1.43,-52.55,-53.62,-101.75
0.24,0.02,1.24,-64.67,-43.25,-95.30
0.33,0.01,1.31,-63.04,-27.25,-81.27
0.39,-0.02,1.41,-37.46,-26.30,-64.67
0.14,-0.30,1.28,58.20,-2.37,-68.56
-0.31,-0.15,1.10,138.57,13.00,-85.14
-0.66,0.12,0.94,117.08,-21.71,-80.52
-0.74,0.30,0.98,77.19,-50.15,-51.57
-0.56,0.14,0.83,81.83,-30.45,-32.36
-0.50,0.42,0.84,93.02,23.02,-44.91
-0.39,0.59,1.39,14.63,16.53,10.04
0.10,0.33,1.77,-16.84,7.42,63.77
0.32,-0.31,1.98,-8.07,62.58,97.18
0.73,-0.44,2.00,-8.45,111.11,90.43
0.74,-0.15,2.00,11.89,87.39,51.09
0.57,0.17,2.00,-18.70,38.55,34.00
0.44,0.49,2.00,-16.16,8.56,33.55
0.38,0.64,1.56,2.92,-14.00,45.49
0.52,0.66,1.09,-5.54,-22.68,54.64
0.52,0.55,0.93,-4.97,-7.68,61.12
0.43,0.50,0.81,11.38,13.60,62.68
0.29,0.44,0.75,19.54,39.17,63.69
0.24,0.32,0.81,19.26,52.87,59.70
0.40,0.14,0.97,19.42,46.39,35.03
0.62,0.12,0.98,14.45,15.81,0.79
0.89,0.06,0.84,-3.27,-12.24,-41.19
1.37,0.48,0.75,-10.25,-13.85,-87.68
1.26,0.53,0.87,-48.36,6.35,-102.23
1.61,0.52,1.43,-17.30,79.23,-73.75
1.60,-0.07,2.00,-15.19,119.52,-37.54
1.73,-0.99,2.00,-22.13,50.06,-49.84
1.49,-1.19,2.00,24.09,-47.80,-130.46
0.82,-0.81,2.00,39.92,-137.58,-192.16
0.30,-0.41,2.00,-0.53,-169.28,-193.61
0.22,-0.22,1.59,-38.39,-172.64,-173.05
0.22,-0.06,1.06,-56.05,-151.43,-169.20
0.11,0.01,0.89,-101.81,-117.68,-157.82
0.01,-0.03,0.97,-115.06,-70.67,-140.99
-0.05,0.01,1.25,-104.24,-33.02,-115.20
-0.08,-0.17,1.32,-80.60,-33.10,-89.16
-0.13,-0.47,1.10,-62.88,-35.76,-85.40
-0.34,-0.45,0.93,-40.50,-13.59,-102.83
-0.60,-0.12,0.90,-46.98,0.01,-103.42
-0.65,-0.02,1.02,-75.74,4.16,-91.29
-0.37,0.08,1.28,-100.79,8.28,-87.77
-0.46,0.30,1.51,-92.31,30.24,-96.13
-0.38,0.61,2.00,-106.77,35.03,-39.78
-0.06,0.49,2.00,-97.78,38.53,36.32
0.37,-0.35,2.00,-87.99,80.81,94.27
0.71,-0.60,2.00,13.46,114.13,59.65
0.59,-0.18,2.00,32.55,61.93,17.01
0.49,0.10,2.00,-6.12,0.98,15.63
0.47,0.23,2.00,5.98,-15.08,35.93
0.50,0.06,1.80,19.78,-14.79,50.02
0.52,0.01,1.42,34.83,-6.32,36.57
0.41,0.10,1.21,32.68,-7.41,14.77
0.23,0.17,0.86,21.36,-25.51,-0.42
0.17,0.23,0.47,8.42,-15.99,-2.59
0.28,0.19,0.44,-5.08,36.18,-2.43
0.63,0.25,0.66,-12.31,63.66,-19.35
0.91,0.30,0.94,-59.88,35.98,-43.00
1.10,0.11,0.95,-40.82,19.71,-75.87
1.34,0.07,1.02,-0.16,47.52,-105.68
1.58,0.14,1.34,4.07,47.96,-153.42
1.48,-0.04,1.87,9.41,44.11,-176.45
1.54,-0.11,2.00,72.61,59.37,-172.32
1.41,-0.55,2.00,68.73,11.44,-164.63
1.20,-0.75,2.00,62.82,-72.53,-185.54
0.95,-0.55,2.00,65.96,-114.98,-190.73
0.54,-0.58,2.00,72.61,-115.29,-181.85
0.27,-0.59,2.00,30.49,-124.01,-159.73
0.28,-0.64,2.00,-4.23,-146.62,-155.75
0.17,-0.55,1.56,-11.30,-156.44,-176.63
-0.06,-0.38,1.28,-25.37,-140.61,-184.88
-0.28,-0.11,1.02,-29.05,-111.16,-172.59
-0.37,-0.01,0.99,-47.80,-76.39,-132.32
-0.42,-0.13,1.02,-47.26,-46.96,-91.76
-0.49,-0.30,1.08,-43.51,-20.32,-65.32
-0.76,-0.16,1.20,-38.39,-4.96,-43.40
-0.90,-0.02,1.16,-45.58,-2.33,-8.15
-0.87,0.08,1.11,-43.79,16.28,24.43
-0.71,0.31,1.08,-27.02,47.27,43.65
-0.74,0.53,1.04,-39.59,63.80,65.75
-0.49,0.48,1.59,-81.52,70.50,125.56
-0.02,0.22,2.00,-66.80,73.52,164.02
0.43,-0.32,2.00,-71.27,88.48,188.80
1.02,-0.91,2.00,5.12,124.40,160.86
1.06,-0.60,2.00,72.13,122.67,92.06
0.94,-0.19,2.00,38.01,28.68,49.14
0.71,0.23,2.00,22.78,-16.97,29.50
0.57,0.45,1.54,7.23,-9.47,40.38
0.58,0.33,1.44,-0.78,6.39,53.35
0.63,0.28,1.26,8.53,6.71,47.42
0.68,0.37,1.06,-8.50,-15.96,39.09
0.84,0.31,0.94,-41.59,-42.67,33.87
0.99,0.17,0.76,-16.08,-32.52,-4.39
1.13,0.09,0.86,14.28,-11.46,-53.10
1.15,0.07,0.94,21.87,-42.75,-101.26
1.23,-0.08,0.77,16.34,-90.87,-142.36
1.29,-0.36,0.43,52.76,-60.65,-185.94
1.54,-0.37,0.87,89.69,-4.62,-230.59
1.48,-0.36,1.58,53.65,-26.57,-250.00
1.60,-0.38,2.00,4.32,-67.63,-250.00
1.02,-0.58,2.00,24.89,-87.41,-231.51
1.14,-1.08,2.00,11.84,-100.99,-182.62
1.02,-1.64,2.00,7.59,-106.38,-204.73
0.52,-1.34,2.00,-27.25,-135.83,-250.00
0.07,-0.68,2.00,-55.59,-146.41,-250.00
-0.06,-0.28,1.82,-71.30,-136.89,-240.75
-0.07,-0.29,1.61,-85.17,-111.09,-209.08
-0.22,-0.19,1.44,-99.52,-98.43,-194.95
-0.34,-0.01,1.49,-114.42,-77.45,-167.79
-0.40,0.04,1.54,-102.79,-61.14,-125.42
-0.45,-0.13,1.48,-81.02,-32.87,-88.81
-0.51,-0.30,1.22,-57.39,-6.13,-71.33
-0.57,-0.41,1.05,-22.91,39.76,-76.12
-0.62,-0.14,0.97,-10.60,59.91,-74.57
-0.57,0.16,0.93,-23.99,47.07,-51.12
-0.35,0.42,0.80,-34.10,33.69,-30.10
-0.38,0.67,0.67,-61.13,34.90,-8.36
-0.23,0.50,1.22,-129.29,36.58,44.41
0.14,0.38,2.00,-136.40,25.13,86.24
0.57,-0.15,2.00,-107.60,50.88,121.08
1.10,-0.78,2.00,-13.54,107.22,91.59
0.91,-0.75,2.00,43.04,123.52,10.82
0.55,0.33,2.00,39.25,38.41,-23.85
0.48,0.21,2.00,-8.11,-54.08,-11.18
0.32,0.44,1.62,-1.91,-44.63,-6.04
0.24,0.44,1.56,8.28,-16.77,17.85
0.29,0.32,1.31,22.06,-11.70,32.46
0.41,0.14,1.14,20.15,-22.77,22.19
0.40,0.22,0.91,22.81,-32.07,-0.80
0.40,0.36,0.75,13.46,-39.96,-8.98
0.44,0.45,0.63,9.97,-46.07,-6.95
0.54,0.22,0.56,1.01,-50.16,-11.50
0.59,0.09,0.57,0.29,-53.57,-35.79
0.66,0.02,0.64,-23.23,-72.11,-62.32
0.89,0.22,0.75,-19.84,-77.64,-91.45
0.96,0.39,0.61,5.72,-25.61,-116.39
1.27,-0.14,1.74,-52.23,61.17,-90.46
1.63,-0.37,2.00,-25.12,77.81,-119.45
1.25,-0.50,2.00,-39.22,0.52,-135.76
1.13,-0.80,2.00,-18.23,-76.21,-144.00
0.90,-0.66,2.00,9.01,-111.47,-172.78
0.51,-0.34,1.94,9.73,-109.32,-195.32
0.21,-0.00,1.55,-2.59,-80.51,-183.33
0.15,0.00,1.38,-30.47,-69.83,-149.89
0.13,-0.14,1.14,-38.99,-59.72,-136.91
-0.04,-0.21,0.98,-40.73,-36.78,-137.54
-0.26,-0.19,0.92,-44.73,-20.01,-134.02
-0.45,-0.14,0.81,-41.03,-14.66,-117.41
-0.58,-0.14,0.76,-27.62,5.60,-83.92
-0.59,-0.26,0.83,-21.32,26.60,-49.26
-0.52,-0.33,1.01,-27.57,25.55,-25.58
-0.48,-0.18,1.15,-24.80,7.70,-10.48
-0.33,0.25,1.06,3.94,-9.53,2.74
-0.58,0.75,0.76,-6.65,-7.64,44.94
-0.30,0.15,1.54,-124.29,-0.57,158.08
0.23,-0.47,2.00,-63.60,27.04,171.91
0.55,-0.70,2.00,-56.37,41.82,159.84
0.86,-0.60,2.00,-29.14,10.67,126.86
0.91,-0.55,2.00,-8.64,-6.52,97.96
0.79,-0.33,2.00,-1.57,-3.19,62.28
0.47,0.09,2.00,19.89,-0.27,39.05
0.25,0.45,2.00,29.74,-10.15,52.44
0.28,0.47,1.56,23.07,-26.53,83.61
0.49,0.32,1.18,19.26,-46.62,99.74
0.67,0.21,0.87,21.35,-55.49,92.10
0.70,0.23,0.67,44.41,-33.04,68.13
0.64,0.33,0.55,58.07,-8.03,50.41
0.63,0.33,0.58,67.50,5.17,37.68
0.67,0.29,0.55,81.58,0.51,16.84
0.80,0.06,0.64,53.31,-20.71,-14.34
0.98,0.11,0.65,12.74,-57.05,-63.98
0.84,0.55,0.82,-22.74,-53.41,-98.55
0.92,0.04,2.00,-37.76,49.59,-53.08
1.06,-0.01,2.00,126.16,148.40,-57.17
1.04,-0.75,2.00,-0.86,37.10,-36.39
0.92,-1.07,2.00,30.85,-48.21,-100.23
0.58,-0.68,2.00,61.55,-74.65,-144.91
0.28,-0.41,1.68,40.05,-98.76,-164.91
0.07,-0.13,1.05,22.93,-74.76,-166.47
0.02,-0.05,0.99,-18.21,-29.98,-147.31
-0.04,-0.04,1.14,-18.20,4.52,-139.04
-0.17,0.12,1.06,-24.96,15.42,-123.95
-0.24,0.19,1.08,-40.18,17.38,-89.32
-0.24,0.09,1.10,-22.24,23.40,-45.52
-0.19,0.02,0.95,-2.28,28.17,-11.51
-0.17,-0.08,0.93,-2.04,35.03,13.95
-0.17,-0.16,1.12,5.25,38.08,28.07
-0.16,-0.02,1.20,32.23,24.83,37.14
-0.13,0.02,1.18,29.28,-13.74,46.93
0.18,0.26,0.99,23.86,-50.92,34.83
-0.17,0.44,0.90,-17.68,-42.83,31.30
0.17,0.31,2.00,-51.95,-15.95,85.13
0.36,0.12,2.00,-12.74,-38.76,120.40
0.87,-0.57,2.00,-94.72,-98.97,128.70
1.20,-0.87,2.00,-104.12,-124.04,42.64
1.08,-0.34,1.74,-64.35,-73.51,-46.29
0.73,0.02,1.52,-48.79,19.68,-88.31
0.36,0.17,1.90,-38.45,109.09,-87.76
0.14,0.39,2.00,26.10,131.48,-72.88
0.11,0.41,2.00,12.97,48.03,-41.15
0.20,0.20,1.86,-23.80,-47.17,-20.92
0.23,0.20,1.37,-31.95,-87.37,-22.05
0.31,0.24,1.04,-32.92,-93.30,-21.28
0.43,0.28,0.80,-37.66,-90.90,-24.02
0.57,0.10,0.77,-46.91,-83.75,-39.36
0.61,0.04,0.78,-35.97,-78.86,-72.04
0.76,-0.03,0.93,-46.10,-95.47,-107.38
0.83,-0.18,1.23,-67.84,-137.52,-151.57
0.79,0.02,0.93,-77.55,-168.25,-202.55
0.45,0.22,0.35,-99.62,-111.28,-207.85
0.48,-0.14,0.83,-95.80,65.83,-169.59
0.39,-0.31,1.85,-61.42,177.14,-145.41
0.58,-0.61,2.00,-110.98,103.71,-88.17
0.93,-0.65,2.00,-68.01,-10.22,-68.04
1.06,-0.92,1.72,-92.45,-69.87,-57.59
1.04,-0.79,1.25,-79.73,-43.00,-66.84
0.93,-0.55,1.33,-68.22,16.85,-64.09
0.88,-0.39,1.68,-62.13,25.58,-61.29
0.92,-0.29,1.78,-67.76,-12.66,-61.30
1.01,-0.37,1.67,-54.73,-25.45,-69.63
1.06,-0.46,1.54,-37.80,-11.46,-93.63
1.10,-0.40,1.70,-51.19,-3.92,-115.64
1.07,-0.32,1.85,-43.58,-20.10,-139.19
0.96,-0.21,1.54,-15.07,-26.66,-152.85
0.92,-0.19,1.40,-5.33,8.39,-155.14
0.88,-0.14,1.35,7.29,11.20,-170.55
0.81,0.02,1.15,-5.36,0.24,-179.03
0.85,0.07,1.04,4.38,7.25,-175.32
0.90,0.16,0.95,17.71,29.06,-169.82
0.96,0.25,1.03,1.30,39.95,-150.98
1.12,0.07,1.14,-15.05,38.78,-134.32
1.28,-0.09,1.24,-38.43,14.16,-136.57
1.35,-0.10,1.15,-60.69,-15.05,-145.26
1.42,-0.11,1.02,-83.27,-20.46,-145.73
1.59,-0.35,1.09,-111.63,-21.22,-157.36
1.47,-0.44,1.22,-137.87,-27.86,-187.38
1.18,-0.28,1.33,-139.78,-34.57,-213.24
0.87,-0.07,1.31,-129.68,-39.54,-205.26
0.71,-0.16,1.12,-119.35,-40.70,-181.29
0.58,-0.47,0.97,-118.70,-28.55,-173.68
0.43,-0.60,0.96,-115.60,-6.13,-186.19
0.30,-0.52,1.21,-102.27,-3.44,-199.58
0.10,-0.31,1.10,-76.36,-25.28,-199.10
-0.08,-0.17,0.87,-104.15,-46.84,-173.56
-0.03,-0.50,1.07,-189.13,-75.13,-134.92
0.07,-0.82,1.27,-242.54,-119.57,-114.89
0.07,-0.84,1.54,-226.29,-125.18,-112.75
-0.10,-0.36,1.68,-157.14,-100.62,-80.61
0.04,-0.32,1.76,-149.63,-88.52,-3.72
0.46,-0.81,2.00,-183.22,-79.68,49.76
0.78,-1.12,2.00,-168.55,-53.22,26.60
0.67,-0.78,2.00,-122.94,-19.62,-26.12
0.45,-0.26,2.00,-85.87,29.48,-35.70
0.37,-0.03,2.00,-46.65,80.80,-28.12
0.50,0.32,2.00,-44.57,70.38,-7.21
0.74,0.04,2.00,-36.70,39.63,2.06
0.73,-0.00,1.67,3.72,59.28,-20.94
0.49,0.07,1.18,38.23,98.05,-43.74
0.27,0.22,1.19,46.95,171.84,-47.44
0.29,0.21,1.66,25.15,174.79,-36.32
0.34,0.18,1.75,10.77,97.05,-43.85
0.32,0.29,1.52,-9.69,10.64,-51.88
0.28,0.45,1.16,-30.38,-49.53,-43.45
0.44,0.36,0.89,-63.06,-55.50,-11.22
0.83,-0.02,0.99,-38.90,-6.12,-11.63
1.05,-0.30,1.18,19.51,32.78,-56.67
1.13,-0.14,1.27,51.38,28.49,-104.40
1.15,0.12,1.13,38.15,13.88,-130.53
1.36,-0.11,1.61,-21.00,41.48,-96.54
1.73,-0.67,2.00,65.67,96.59,-103.49
1.62,-1.04,2.00,80.02,65.16,-120.55
1.44,-1.54,2.00,65.45,6.97,-147.85
0.90,-1.09,2.00,110.03,-33.39,-196.02
0.37,-0.66,2.00,84.93,-61.21,-177.51
0.16,-0.50,1.76,59.75,-74.28,-137.12
0.03,-0.37,1.45,17.81,-91.11,-100.39
0.06,-0.61,1.32,-38.69,-97.69,-78.96
-0.06,-0.63,1.22,-11.20,-66.87,-99.55
-0.33,-0.50,1.11,-0.21,-32.57,-103.99
-0.50,-0.36,1.12,12.28,-7.79,-92.19
-0.64,-0.34,1.06,12.27,-11.30,-77.78
-0.69,-0.33,0.98,-10.12,-34.03,-64.32
-0.64,-0.19,0.91,-24.87,-53.28,-50.09
-0.57,-0.00,0.81,-9.80,-41.20,-33.51
-0.51,0.22,0.87,-1.79,-15.40,-11.49
-0.49,0.55,1.02,6.15,-0.31,-10.06
-0.68,1.08,1.35,-35.35,-34.10,47.99
-0.15,0.92,1.74,-63.39,-67.25,158.02
0.38,0.11,2.00,-16.46,13.89,245.91
1.18,-0.91,2.00,3.19,111.84,249.99
1.39,-1.18,2.00,37.03,35.44,214.58
1.27,-0.85,2.00,48.14,-85.08,111.51
0.88,-0.44,2.00,70.25,-70.98,27.51
0.42,0.31,1.98,97.44,-17.96,19.76
0.34,0.34,1.74,90.24,-0.45,62.73
0.39,0.18,1.31,93.33,-21.68,78.77
0.42,0.05,0.87,99.35,-31.23,66.87
0.33,0.15,0.49,109.84,-15.07,51.63
0.24,0.33,0.25,108.68,8.63,54.34
0.19,0.41,0.21,101.58,30.87,73.07
0.22,0.32,0.41,89.23,40.97,94.60
0.41,0.18,0.73,71.84,-10.02,102.29
0.74,0.20,0.51,85.40,-53.44,86.54
0.96,0.39,0.30,76.73,0.38,62.02
1.10,-0.08,1.26,-27.60,69.64,71.91
1.44,-0.24,2.00,-24.35,78.95,52.18
1.27,-0.27,2.00,24.84,-1.17,15.07
1.21,-0.45,2.00,-2.85,-75.86,-1.45
1.10,-0.40,2.00,15.15,-73.56,-41.53
0.85,-0.01,1.83,39.16,-32.15,-81.70
0.48,0.28,1.69,9.00,-1.91,-81.38
0.31,0.20,1.85,-10.15,-1.30,-68.05
0.17,0.17,1.63,10.14,-20.00,-71.03
-0.02,0.24,1.20,19.04,-22.65,-72.20
-0.14,0.25,1.00,13.06,-14.33,-53.37
-0.27,0.07,0.89,31.23,2.37,-29.95
-0.43,0.01,0.74,73.43,21.71,-9.38
-0.57,0.07,0.60,89.48,30.14,23.03
-0.54,-0.07,0.75,44.98,22.92,81.11
-0.33,-0.27,1.03,37.01,6.41,112.11
0.01,-0.07,0.93,69.37,4.75,101.73
-0.35,0.59,0.99,61.41,40.32,94.41
-0.09,0.35,2.00,-28.79,39.25,190.65
0.41,-0.20,2.00,-16.49,41.28,238.73
1.10,-1.06,2.00,-52.99,44.60,232.86
1.53,-0.87,2.00,40.31,25.95,101.50
1.01,0.15,2.00,86.30,44.88,7.51
0.44,0.83,2.00,83.61,93.06,18.12
0.24,0.87,2.00,84.67,100.95,84.45
0.31,0.43,2.00,88.73,52.41,130.00
0.36,0.06,1.66,81.15,15.19,134.29
0.28,0.18,1.07,76.60,22.83,129.36
0.26,0.29,0.76,68.27,53.22,149.73
0.41,0.10,0.69,55.71,75.58,176.48
0.71,-0.21,0.70,40.74,58.16,170.68
0.91,-0.27,0.54,43.16,37.18,131.16
0.93,0.03,0.61,62.69,25.69,92.74
0.89,0.25,0.57,76.74,-3.76,75.01
0.93,0.13,0.45,80.35,-33.00,50.62
0.91,0.10,0.58,35.74,-60.93,8.22
1.15,0.83,0.91,24.96,-66.25,-50.01
0.44,0.95,1.59,-4.93,2.54,-35.65
0.88,0.93,2.00,60.68,70.88,-6.75
0.50,0.10,2.00,-17.46,20.85,18.10
0.72,-0.65,2.00,-96.54,-43.50,-10.33
0.51,-0.39,2.00,-39.34,-39.81,-88.17
0.12,0.22,2.00,-1.23,-17.74,-131.86
-0.26,0.62,1.56,12.39,11.64,-125.25
-0.43,0.64,1.34,-5.64,16.98,-83.94
-0.37,0.31,1.31,-24.44,10.98,-40.72
-0.22,-0.09,1.17,-21.53,0.18,-21.50
-0.14,-0.12,0.98,14.95,5.46,-20.98
-0.26,0.18,0.66,49.23,14.11,-2.57
-0.40,0.22,0.61,30.58,34.86,65.85
-0.25,-0.20,1.14,22.16,42.20,136.16
0.04,-0.60,1.49,50.68,27.15,142.33
0.19,-0.28,1.29,97.80,1.87,88.99
-0.15,0.74,0.95,102.81,5.25,54.26
-0.38,1.05,1.27,-18.25,-0.11,135.67
0.26,0.53,1.83,-44.43,4.95,192.30
0.58,-0.20,2.00,-69.24,27.47,183.40
1.01,-0.46,2.00,-61.45,17.88,108.78
0.83,0.05,2.00,41.56,25.40,17.50
0.55,0.48,2.00,46.21,47.50,-8.94
0.35,0.62,2.00,28.59,71.81,-4.20
0.21,0.67,2.00,32.91,81.95,7.97
0.13,0.58,2.00,18.74,68.29,32.10
0.09,0.41,2.00,25.12,35.03,58.23
0.09,0.28,1.63,26.82,-4.55,77.26
0.05,0.28,1.21,12.12,-25.21,92.95
0.00,0.34,1.08,9.92,-24.62,108.95
0.02,0.30,0.96,10.84,-32.17,129.72
0.19,0.04,1.00,-8.93,-38.68,143.46
0.32,-0.10,1.15,8.04,-33.36,116.94
0.20,-0.03,1.28,28.22,-43.36,85.55
0.37,0.24,1.31,70.39,-53.14,67.54
0.56,0.54,1.00,80.31,-35.14,50.20
0.32,0.13,1.33,-1.18,18.94,65.73
0.16,0.17,2.00,28.34,67.68,65.82
0.08,0.40,2.00,41.98,-13.93,85.83
0.53,-0.18,1.99,-68.67,-93.32,107.27
0.99,-0.34,1.50,-72.25,-81.54,33.23
0.49,0.08,1.50,-35.77,-2.66,-49.55
-0.09,0.44,1.79,-46.44,82.79,-48.87
-0.15,0.20,2.00,-22.07,106.03,-8.32
-0.18,0.03,2.00,20.49,66.93,0.82
-0.23,-0.10,1.85,-10.06,17.23,5.63
-0.24,0.05,1.42,2.61,10.41,0.06
-0.44,0.38,1.13,42.45,47.65,8.93
-0.52,0.55,1.09,73.66,85.14,54.38
-0.38,0.33,1.28,98.13,95.16,104.63
-0.23,0.07,1.24,81.75,49.56,129.09
-0.18,-0.16,1.29,32.79,-2.69,144.43
-0.18,-0.19,1.51,46.51,-22.53,147.83
-0.24,0.02,1.35,124.50,-30.70,140.98
-0.21,0.12,1.20,109.66,-35.10,161.71
-0.10,0.01,1.40,67.50,-20.53,174.02
-0.03,0.15,1.87,90.44,21.21,174.69
0.08,0.40,2.00,100.50,42.88,209.01
0.55,-0.08,2.00,-27.02,-4.58,249.99
1.09,-0.60,2.00,-58.21,10.21,211.85
1.03,-0.36,2.00,1.34,87.62,119.19
0.55,0.24,2.00,55.13,146.48,65.73
0.14,0.52,2.00,108.77,138.57,56.93
-0.07,0.48,1.95,91.15,93.72,70.31
-0.11,0.39,1.51,65.45,68.31,85.19
-0.03,0.32,1.16,39.12,51.45,101.39
0.05,0.17,0.85,31.19,63.54,119.03
0.20,0.02,0.80,19.12,78.74,133.17
0.37,-0.24,0.89,-2.49,56.99,142.40
0.61,-0.51,0.91,9.73,17.27,135.40
0.78,-0.46,0.77,32.75,-34.36,114.43
0.77,-0.29,0.57,44.78,-78.27,87.10
0.69,-0.01,0.39,35.73,-105.23,49.95
0.71,0.42,0.53,-15.79,-105.48,18.67
0.57,1.06,1.01,-3.90,-76.99,-4.63
0.57,1.07,1.97,-12.21,-34.77,31.27
0.36,0.94,2.00,56.98,-15.53,43.67
0.32,0.04,2.00,-85.40,-48.36,98.34
0.96,-1.10,2.00,-199.39,-70.09,51.38
0.90,-0.31,2.00,-111.16,12.70,-100.29
0.36,0.55,2.00,-53.79,101.52,-167.17
-0.06,0.98,2.00,-17.65,118.48,-150.49
-0.04,1.13,2.00,-1.08,68.52,-85.40
0.26,0.44,2.00,-33.87,-4.48,-32.33
0.37,-0.22,1.88,-22.65,-34.13,-46.97
0.11,-0.23,1.42,32.33,-25.87,-82.38
-0.14,-0.12,1.07,74.67,-14.30,-74.89
-0.27,-0.22,0.72,115.30,-18.34,-51.08
-0.43,-0.29,0.44,95.65,-38.37,-20.61
-0.42,-0.42,0.67,14.53,-70.05,33.87
-0.38,-0.50,0.72,4.76,-83.52,53.38
-0.35,-0.03,0.84,33.45,-53.91,55.89
-0.69,0.57,1.08,45.05,-42.67,78.14
-0.58,0.43,1.46,-27.39,-64.95,164.93
-0.04,-0.06,1.83,-44.13,-60.09,205.77
0.34,-0.42,2.00,-48.22,-6.32,186.91
0.51,-0.43,2.00,-11.05,57.54,156.64
0.55,-0.18,2.00,49.96,69.70,115.73
0.41,0.43,2.00,49.51,66.93,77.37
0.13,0.76,2.00,-4.26,81.37,97.98
0.14,0.59,2.00,10.24,94.27,146.10
0.49,0.15,1.87,41.68,73.28,167.30
0.85,-0.11,1.36,32.77,31.12,156.25
